[
  {
    "name": "addInfomation",
    "value": {
      "type": "add",
      "longtitude": 120.15515,
      "latitude": 30.27415,
      "cover": "../../images/0.jpg",
      "name": "云开发入门",
      "Q_A": {
        "question": "云开发有是什么优势？",
        "answer": "使用云开发非常方便，借助云数据库可以进行存储json数据,以及云存储和云函数等。"
      },
      "price": 0,
      "id": 2121
    }
  },
  {
    "name": "findCourse",
    "value": {
      "type": "find",
      "longtitude": 120.15515,
      "latitude": 30.27415
    }
  }
]