{
  "usingComponents": {
    "chat": "plugin://chatbot/chat",
    "customTextMessage": "../../components/customTextMessage/customTextMessage",
    "customWeatherMessage": "../../components/customWeatherMessage/customWeatherMessage",
    "costomImageMessage": "../../components/customImageMessage/customImageMessage",
    "customGuideCard": "../../components/customGuideCard/customGuideCard",
    "customQuery": "../../components/customQuery/customQuery",
    "customoperateCard": "../../components/customoperateCard/customoperateCard"
  },
  "navigationBarTitleText": "小神助手",
  "backgroundColor": "#F6F6F6"
}