{
  "usingComponents": {
    "chat": "plugin://chatbot/chat",
    "customTextMessage": "../customTextMessage/customTextMessage",
    "customWeatherMessage": "../customWeatherMessage/customWeatherMessage",
    "costomImageMessage": "../customImageMessage/customImageMessage",
    "customGuideCard": "../customGuideCard/customGuideCard",
    "customQuery": "../customQuery/customQuery",
    "customoperateCard": "../customoperateCard/customoperateCard"
  },
  "navigationBarTitleText": "小神",
  "backgroundColor": "#F6F6F6"
}